first,second,title
2,3,Grown Ups
2,4,Grown Ups
2,5,Grown Ups
2,6,Grown Ups
2,7,Grown Ups
2,8,Grown Ups
2,9,Grown Ups
3,4,Grown Ups
3,5,Grown Ups
3,6,Grown Ups
3,7,Grown Ups
3,8,Grown Ups
3,9,Grown Ups
4,5,Grown Ups
4,6,Grown Ups
4,7,Grown Ups
4,8,Grown Ups
4,9,Grown Ups
5,6,Grown Ups
5,7,Grown Ups
5,8,Grown Ups
5,9,Grown Ups
6,7,Grown Ups
6,8,Grown Ups
6,9,Grown Ups
7,8,Grown Ups
7,9,Grown Ups
8,9,Grown Ups
10,11,He-Man and the Masters of the Universe
10,12,He-Man and the Masters of the Universe
11,12,He-Man and the Masters of the Universe
11,10,Kid Cosmic
16,17,Q-Force
18,19,Do the Right Thing
22,23,My Boss's Daughter
22,24,My Boss's Daughter
23,24,My Boss's Daughter
25,26,Mystery Men
25,27,Mystery Men
26,27,Mystery Men
30,31,The Interview
29,32,The Nutty Professor
29,33,The Nutty Professor
32,33,The Nutty Professor
19,34,Welcome Home Roscoe Jenkins
19,35,Welcome Home Roscoe Jenkins
34,35,Welcome Home Roscoe Jenkins
36,17,In the Line of Fire
38,39,The Water Man
44,45,30 Rock
44,46,30 Rock
45,46,30 Rock
18,48,Freedomland
18,49,Freedomland
48,49,Freedomland
50,48,Magnolia
50,26,Magnolia
48,26,Magnolia
31,30,Pineapple Express
31,51,Pineapple Express
31,52,Pineapple Express
31,17,Pineapple Express
30,51,Pineapple Express
30,52,Pineapple Express
30,17,Pineapple Express
51,52,Pineapple Express
51,17,Pineapple Express
52,17,Pineapple Express
40,26,Seabiscuit
53,54,The Lincoln Lawyer
53,26,The Lincoln Lawyer
54,26,The Lincoln Lawyer
55,56,Valentine's Day
55,57,Valentine's Day
56,57,Valentine's Day
56,18,Django Unchained
59,28,Cosmic Sin
60,61,The Twilight Saga: Breaking Dawn: Part 1
60,57,The Twilight Saga: Breaking Dawn: Part 1
60,62,The Twilight Saga: Breaking Dawn: Part 1
60,63,The Twilight Saga: Breaking Dawn: Part 1
60,64,The Twilight Saga: Breaking Dawn: Part 1
60,65,The Twilight Saga: Breaking Dawn: Part 1
60,43,The Twilight Saga: Breaking Dawn: Part 1
61,57,The Twilight Saga: Breaking Dawn: Part 1
61,62,The Twilight Saga: Breaking Dawn: Part 1
61,63,The Twilight Saga: Breaking Dawn: Part 1
61,64,The Twilight Saga: Breaking Dawn: Part 1
61,65,The Twilight Saga: Breaking Dawn: Part 1
61,43,The Twilight Saga: Breaking Dawn: Part 1
57,62,The Twilight Saga: Breaking Dawn: Part 1
57,63,The Twilight Saga: Breaking Dawn: Part 1
57,64,The Twilight Saga: Breaking Dawn: Part 1
57,65,The Twilight Saga: Breaking Dawn: Part 1
57,43,The Twilight Saga: Breaking Dawn: Part 1
62,63,The Twilight Saga: Breaking Dawn: Part 1
62,64,The Twilight Saga: Breaking Dawn: Part 1
62,65,The Twilight Saga: Breaking Dawn: Part 1
62,43,The Twilight Saga: Breaking Dawn: Part 1
63,64,The Twilight Saga: Breaking Dawn: Part 1
63,65,The Twilight Saga: Breaking Dawn: Part 1
63,43,The Twilight Saga: Breaking Dawn: Part 1
64,65,The Twilight Saga: Breaking Dawn: Part 1
64,43,The Twilight Saga: Breaking Dawn: Part 1
65,43,The Twilight Saga: Breaking Dawn: Part 1
60,61,The Twilight Saga: Breaking Dawn: Part 2
60,57,The Twilight Saga: Breaking Dawn: Part 2
60,62,The Twilight Saga: Breaking Dawn: Part 2
60,63,The Twilight Saga: Breaking Dawn: Part 2
60,43,The Twilight Saga: Breaking Dawn: Part 2
60,65,The Twilight Saga: Breaking Dawn: Part 2
60,64,The Twilight Saga: Breaking Dawn: Part 2
61,57,The Twilight Saga: Breaking Dawn: Part 2
61,62,The Twilight Saga: Breaking Dawn: Part 2
61,63,The Twilight Saga: Breaking Dawn: Part 2
61,43,The Twilight Saga: Breaking Dawn: Part 2
61,65,The Twilight Saga: Breaking Dawn: Part 2
61,64,The Twilight Saga: Breaking Dawn: Part 2
57,62,The Twilight Saga: Breaking Dawn: Part 2
57,63,The Twilight Saga: Breaking Dawn: Part 2
57,43,The Twilight Saga: Breaking Dawn: Part 2
57,65,The Twilight Saga: Breaking Dawn: Part 2
57,64,The Twilight Saga: Breaking Dawn: Part 2
62,63,The Twilight Saga: Breaking Dawn: Part 2
62,43,The Twilight Saga: Breaking Dawn: Part 2
62,65,The Twilight Saga: Breaking Dawn: Part 2
62,64,The Twilight Saga: Breaking Dawn: Part 2
63,43,The Twilight Saga: Breaking Dawn: Part 2
63,65,The Twilight Saga: Breaking Dawn: Part 2
63,64,The Twilight Saga: Breaking Dawn: Part 2
43,65,The Twilight Saga: Breaking Dawn: Part 2
43,64,The Twilight Saga: Breaking Dawn: Part 2
65,64,The Twilight Saga: Breaking Dawn: Part 2
60,61,The Twilight Saga: Eclipse
60,57,The Twilight Saga: Eclipse
60,62,The Twilight Saga: Eclipse
60,63,The Twilight Saga: Eclipse
60,65,The Twilight Saga: Eclipse
60,43,The Twilight Saga: Eclipse
60,64,The Twilight Saga: Eclipse
61,57,The Twilight Saga: Eclipse
61,62,The Twilight Saga: Eclipse
61,63,The Twilight Saga: Eclipse
61,65,The Twilight Saga: Eclipse
61,43,The Twilight Saga: Eclipse
61,64,The Twilight Saga: Eclipse
57,62,The Twilight Saga: Eclipse
57,63,The Twilight Saga: Eclipse
57,65,The Twilight Saga: Eclipse
57,43,The Twilight Saga: Eclipse
57,64,The Twilight Saga: Eclipse
62,63,The Twilight Saga: Eclipse
62,65,The Twilight Saga: Eclipse
62,43,The Twilight Saga: Eclipse
62,64,The Twilight Saga: Eclipse
63,65,The Twilight Saga: Eclipse
63,43,The Twilight Saga: Eclipse
63,64,The Twilight Saga: Eclipse
65,43,The Twilight Saga: Eclipse
65,64,The Twilight Saga: Eclipse
43,64,The Twilight Saga: Eclipse
60,61,The Twilight Saga: New Moon
60,57,The Twilight Saga: New Moon
60,43,The Twilight Saga: New Moon
60,62,The Twilight Saga: New Moon
60,63,The Twilight Saga: New Moon
60,65,The Twilight Saga: New Moon
60,64,The Twilight Saga: New Moon
61,57,The Twilight Saga: New Moon
61,43,The Twilight Saga: New Moon
61,62,The Twilight Saga: New Moon
61,63,The Twilight Saga: New Moon
61,65,The Twilight Saga: New Moon
61,64,The Twilight Saga: New Moon
57,43,The Twilight Saga: New Moon
57,62,The Twilight Saga: New Moon
57,63,The Twilight Saga: New Moon
57,65,The Twilight Saga: New Moon
57,64,The Twilight Saga: New Moon
43,62,The Twilight Saga: New Moon
43,63,The Twilight Saga: New Moon
43,65,The Twilight Saga: New Moon
43,64,The Twilight Saga: New Moon
62,63,The Twilight Saga: New Moon
62,65,The Twilight Saga: New Moon
62,64,The Twilight Saga: New Moon
63,65,The Twilight Saga: New Moon
63,64,The Twilight Saga: New Moon
65,64,The Twilight Saga: New Moon
60,61,Twilight
60,62,Twilight
60,63,Twilight
60,43,Twilight
60,64,Twilight
60,57,Twilight
60,65,Twilight
61,62,Twilight
61,63,Twilight
61,43,Twilight
61,64,Twilight
61,57,Twilight
61,65,Twilight
62,63,Twilight
62,43,Twilight
62,64,Twilight
62,57,Twilight
62,65,Twilight
63,43,Twilight
63,64,Twilight
63,57,Twilight
63,65,Twilight
43,64,Twilight
43,57,Twilight
43,65,Twilight
64,57,Twilight
64,65,Twilight
57,65,Twilight
51,28,Rock the Kasbah
67,12,Ask the StoryBots
68,69,I Think You Should Leave with Tim Robinson
68,70,I Think You Should Leave with Tim Robinson
69,70,I Think You Should Leave with Tim Robinson
72,73,Austin Powers in Goldmember
72,73,Austin Powers: International Man of Mystery
72,74,Austin Powers: International Man of Mystery
73,74,Austin Powers: International Man of Mystery
72,73,Austin Powers: The Spy Who Shagged Me
72,74,Austin Powers: The Spy Who Shagged Me
73,74,Austin Powers: The Spy Who Shagged Me
48,26,Boogie Nights
48,50,Boogie Nights
26,50,Boogie Nights
76,77,Mother's Day
79,39,Seven Pounds
79,15,Seven Pounds
39,15,Seven Pounds
80,81,She's Out of My League
82,83,Sword of Trust
74,50,Talladega Nights: The Ballad of Ricky Bobby
74,17,Talladega Nights: The Ballad of Ricky Bobby
74,84,Talladega Nights: The Ballad of Ricky Bobby
74,85,Talladega Nights: The Ballad of Ricky Bobby
74,22,Talladega Nights: The Ballad of Ricky Bobby
74,24,Talladega Nights: The Ballad of Ricky Bobby
50,17,Talladega Nights: The Ballad of Ricky Bobby
50,84,Talladega Nights: The Ballad of Ricky Bobby
50,85,Talladega Nights: The Ballad of Ricky Bobby
50,22,Talladega Nights: The Ballad of Ricky Bobby
50,24,Talladega Nights: The Ballad of Ricky Bobby
17,84,Talladega Nights: The Ballad of Ricky Bobby
17,85,Talladega Nights: The Ballad of Ricky Bobby
17,22,Talladega Nights: The Ballad of Ricky Bobby
17,24,Talladega Nights: The Ballad of Ricky Bobby
84,85,Talladega Nights: The Ballad of Ricky Bobby
84,22,Talladega Nights: The Ballad of Ricky Bobby
84,24,Talladega Nights: The Ballad of Ricky Bobby
85,22,Talladega Nights: The Ballad of Ricky Bobby
85,24,Talladega Nights: The Ballad of Ricky Bobby
22,24,Talladega Nights: The Ballad of Ricky Bobby
86,68,America: The Motion Picture
86,67,America: The Motion Picture
86,69,America: The Motion Picture
68,67,America: The Motion Picture
68,69,America: The Motion Picture
67,69,America: The Motion Picture
87,88,Killing Them Softly
89,90,The Seventh Day
93,94,Fatherhood
95,96,Silver Linings Playbook
69,52,Life of Crime
98,99,A Haunted House 2
98,35,A Haunted House 2
98,100,A Haunted House 2
99,35,A Haunted House 2
99,100,A Haunted House 2
35,100,A Haunted House 2
101,103,Domestic Disturbance
49,80,Million Dollar Baby
49,104,Million Dollar Baby
80,104,Million Dollar Baby
101,88,Swordfish
106,23,Then Came You
106,107,Then Came You
23,107,Then Came You
79,54,Collateral Beauty
17,110,"Love, Death & Robots"
17,12,"Love, Death & Robots"
17,111,"Love, Death & Robots"
17,112,"Love, Death & Robots"
110,12,"Love, Death & Robots"
110,111,"Love, Death & Robots"
110,112,"Love, Death & Robots"
12,111,"Love, Death & Robots"
12,112,"Love, Death & Robots"
111,112,"Love, Death & Robots"
49,48,The Woman in the Window
56,87,Sleepless
56,113,Sleepless
56,114,Sleepless
56,16,Sleepless
87,113,Sleepless
87,114,Sleepless
87,16,Sleepless
113,114,Sleepless
113,16,Sleepless
114,16,Sleepless
115,116,Monster
44,117,Framing John DeLorean
119,56,Due Date
119,51,Due Date
119,120,Due Date
56,51,Due Date
56,120,Due Date
51,120,Due Date
44,121,Fun with Dick & Jane
25,4,Madagascar 3: Europe's Most Wanted
25,122,Madagascar 3: Europe's Most Wanted
25,32,Madagascar 3: Europe's Most Wanted
25,35,Madagascar 3: Europe's Most Wanted
25,22,Madagascar 3: Europe's Most Wanted
4,122,Madagascar 3: Europe's Most Wanted
4,32,Madagascar 3: Europe's Most Wanted
4,35,Madagascar 3: Europe's Most Wanted
4,22,Madagascar 3: Europe's Most Wanted
122,32,Madagascar 3: Europe's Most Wanted
122,35,Madagascar 3: Europe's Most Wanted
122,22,Madagascar 3: Europe's Most Wanted
32,35,Madagascar 3: Europe's Most Wanted
32,22,Madagascar 3: Europe's Most Wanted
35,22,Madagascar 3: Europe's Most Wanted
124,59,The Sweetest Thing
31,40,Zack and Miri Make a Porno
88,113,August: Osage County
5,91,Shadow and Bone - The Afterparty
81,129,The Stand-In
47,15,2012
101,7,Savages
11,10,Paradise PD
91,132,YES DAY
133,134,Moxie
49,115,Black or White
128,40,Our Idiot Brother
128,135,Our Idiot Brother
128,81,Our Idiot Brother
40,135,Our Idiot Brother
40,81,Our Idiot Brother
135,81,Our Idiot Brother
79,109,Amend: The Fight for America
79,18,Amend: The Fight for America
79,113,Amend: The Fight for America
109,18,Amend: The Fight for America
109,113,Amend: The Fight for America
18,113,Amend: The Fight for America
30,59,Homefront
36,106,Penguins of Madagascar: The Movie
138,67,Playing for Keeps
4,20,Good Hair
60,119,Into the Wild
141,38,Lee Daniels' The Butler
142,75,Nocturnal Animals
142,143,Nocturnal Animals
75,143,Nocturnal Animals
5,91,The Netflix Afterparty: The Best Shows of The Worst Year
139,145,Spirit Riding Free: Ride Along Adventure
139,133,Spirit Riding Free: Ride Along Adventure
139,146,Spirit Riding Free: Ride Along Adventure
145,133,Spirit Riding Free: Ride Along Adventure
145,146,Spirit Riding Free: Ride Along Adventure
133,146,Spirit Riding Free: Ride Along Adventure
49,108,Triple 9
49,15,Triple 9
108,15,Triple 9
147,86,Big Mouth
147,148,Big Mouth
147,8,Big Mouth
86,148,Big Mouth
86,8,Big Mouth
148,8,Big Mouth
132,149,Captain Underpants Mega Blissmas
132,150,Captain Underpants Mega Blissmas
132,151,Captain Underpants Mega Blissmas
132,152,Captain Underpants Mega Blissmas
132,41,Captain Underpants Mega Blissmas
149,150,Captain Underpants Mega Blissmas
149,151,Captain Underpants Mega Blissmas
149,152,Captain Underpants Mega Blissmas
149,41,Captain Underpants Mega Blissmas
150,151,Captain Underpants Mega Blissmas
150,152,Captain Underpants Mega Blissmas
150,41,Captain Underpants Mega Blissmas
151,152,Captain Underpants Mega Blissmas
151,41,Captain Underpants Mega Blissmas
152,41,Captain Underpants Mega Blissmas
53,47,Chef
53,109,Chef
53,153,Chef
47,109,Chef
47,153,Chef
109,153,Chef
103,3,Monster House
154,110,Dragons: Rescue Riders: Huttsgalor Holiday
154,10,Dragons: Rescue Riders: Huttsgalor Holiday
110,10,Dragons: Rescue Riders: Huttsgalor Holiday
112,126,The Boss Baby: Back in Business
112,156,The Boss Baby: Back in Business
126,156,The Boss Baby: Back in Business
69,68,Cloudy with a Chance of Meatballs 2
69,157,Cloudy with a Chance of Meatballs 2
68,157,Cloudy with a Chance of Meatballs 2
158,55,American Horror Story
158,159,American Horror Story
158,160,American Horror Story
158,141,American Horror Story
55,159,American Horror Story
55,160,American Horror Story
55,141,American Horror Story
159,160,American Horror Story
159,141,American Horror Story
160,141,American Horror Story
148,8,Sarah Cooper: Everything's Fine
148,25,Sarah Cooper: Everything's Fine
148,85,Sarah Cooper: Everything's Fine
148,163,Sarah Cooper: Everything's Fine
8,25,Sarah Cooper: Everything's Fine
8,85,Sarah Cooper: Everything's Fine
8,163,Sarah Cooper: Everything's Fine
25,85,Sarah Cooper: Everything's Fine
25,163,Sarah Cooper: Everything's Fine
85,163,Sarah Cooper: Everything's Fine
101,159,In a Valley of Violence
101,83,In a Valley of Violence
159,83,In a Valley of Violence
42,165,Batman: The Killing Joke
102,91,The Cabin with Bert Kreischer
102,137,The Cabin with Bert Kreischer
91,137,The Cabin with Bert Kreischer
137,155,Kipo and the Age of Wonderbeasts
2,3,Hubie Halloween
2,103,Hubie Halloween
2,8,Hubie Halloween
2,6,Hubie Halloween
2,9,Hubie Halloween
3,103,Hubie Halloween
3,8,Hubie Halloween
3,6,Hubie Halloween
3,9,Hubie Halloween
103,8,Hubie Halloween
103,6,Hubie Halloween
103,9,Hubie Halloween
8,6,Hubie Halloween
8,9,Hubie Halloween
6,9,Hubie Halloween
25,4,DreamWorks Happy Holidays from Madagascar
25,122,DreamWorks Happy Holidays from Madagascar
25,32,DreamWorks Happy Holidays from Madagascar
25,35,DreamWorks Happy Holidays from Madagascar
25,22,DreamWorks Happy Holidays from Madagascar
4,122,DreamWorks Happy Holidays from Madagascar
4,32,DreamWorks Happy Holidays from Madagascar
4,35,DreamWorks Happy Holidays from Madagascar
4,22,DreamWorks Happy Holidays from Madagascar
122,32,DreamWorks Happy Holidays from Madagascar
122,35,DreamWorks Happy Holidays from Madagascar
122,22,DreamWorks Happy Holidays from Madagascar
32,35,DreamWorks Happy Holidays from Madagascar
32,22,DreamWorks Happy Holidays from Madagascar
35,22,DreamWorks Happy Holidays from Madagascar
166,61,The Devil All The Time
80,138,How to Train Your Dragon 2
80,164,How to Train Your Dragon 2
80,81,How to Train Your Dragon 2
138,164,How to Train Your Dragon 2
138,81,How to Train Your Dragon 2
164,81,How to Train Your Dragon 2
13,90,Greenleaf
162,167,The Babysitter: Killer Queen
162,84,The Babysitter: Killer Queen
167,84,The Babysitter: Killer Queen
139,145,Spirit Riding Free: Riding Academy
139,133,Spirit Riding Free: Riding Academy
139,146,Spirit Riding Free: Riding Academy
145,133,Spirit Riding Free: Riding Academy
145,146,Spirit Riding Free: Riding Academy
133,146,Spirit Riding Free: Riding Academy
7,119,Puss in Boots
7,153,Puss in Boots
119,153,Puss in Boots
168,169,Hoops
168,170,Hoops
168,171,Hoops
169,170,Hoops
169,171,Hoops
170,171,Hoops
44,7,Drunk Parents
44,172,Drunk Parents
7,172,Drunk Parents
155,173,The Legend of Korra
1,100,GAME ON: A Comedy Crossover Event
71,129,Almost Love
106,77,Killing Hasselhoff
154,110,Dragons: Rescue Riders: Secrets of the Songwing
132,149,The Epic Tales of Captain Underpants in Space
132,150,The Epic Tales of Captain Underpants in Space
132,151,The Epic Tales of Captain Underpants in Space
132,152,The Epic Tales of Captain Underpants in Space
132,41,The Epic Tales of Captain Underpants in Space
132,23,The Epic Tales of Captain Underpants in Space
132,165,The Epic Tales of Captain Underpants in Space
149,150,The Epic Tales of Captain Underpants in Space
149,151,The Epic Tales of Captain Underpants in Space
149,152,The Epic Tales of Captain Underpants in Space
149,41,The Epic Tales of Captain Underpants in Space
149,23,The Epic Tales of Captain Underpants in Space
149,165,The Epic Tales of Captain Underpants in Space
150,151,The Epic Tales of Captain Underpants in Space
150,152,The Epic Tales of Captain Underpants in Space
150,41,The Epic Tales of Captain Underpants in Space
150,23,The Epic Tales of Captain Underpants in Space
150,165,The Epic Tales of Captain Underpants in Space
151,152,The Epic Tales of Captain Underpants in Space
151,41,The Epic Tales of Captain Underpants in Space
151,23,The Epic Tales of Captain Underpants in Space
151,165,The Epic Tales of Captain Underpants in Space
152,41,The Epic Tales of Captain Underpants in Space
152,23,The Epic Tales of Captain Underpants in Space
152,165,The Epic Tales of Captain Underpants in Space
41,23,The Epic Tales of Captain Underpants in Space
41,165,The Epic Tales of Captain Underpants in Space
23,165,The Epic Tales of Captain Underpants in Space
86,159,The Long Dumb Road
120,94,The Darkness
30,31,The Disaster Artist
30,174,The Disaster Artist
30,95,The Disaster Artist
30,86,The Disaster Artist
31,174,The Disaster Artist
31,95,The Disaster Artist
31,86,The Disaster Artist
174,95,The Disaster Artist
174,86,The Disaster Artist
95,86,The Disaster Artist
36,175,Space Force
5,178,The Wrong Missy
5,171,The Wrong Missy
5,6,The Wrong Missy
178,171,The Wrong Missy
178,6,The Wrong Missy
171,6,The Wrong Missy
46,107,Unbreakable Kimmy Schmidt: Kimmy vs. the Reverend
46,163,Unbreakable Kimmy Schmidt: Kimmy vs. the Reverend
46,153,Unbreakable Kimmy Schmidt: Kimmy vs. the Reverend
46,111,Unbreakable Kimmy Schmidt: Kimmy vs. the Reverend
46,148,Unbreakable Kimmy Schmidt: Kimmy vs. the Reverend
107,163,Unbreakable Kimmy Schmidt: Kimmy vs. the Reverend
107,153,Unbreakable Kimmy Schmidt: Kimmy vs. the Reverend
107,111,Unbreakable Kimmy Schmidt: Kimmy vs. the Reverend
107,148,Unbreakable Kimmy Schmidt: Kimmy vs. the Reverend
163,153,Unbreakable Kimmy Schmidt: Kimmy vs. the Reverend
163,111,Unbreakable Kimmy Schmidt: Kimmy vs. the Reverend
163,148,Unbreakable Kimmy Schmidt: Kimmy vs. the Reverend
153,111,Unbreakable Kimmy Schmidt: Kimmy vs. the Reverend
153,148,Unbreakable Kimmy Schmidt: Kimmy vs. the Reverend
111,148,Unbreakable Kimmy Schmidt: Kimmy vs. the Reverend
25,4,Madagascar: Escape 2 Africa
25,122,Madagascar: Escape 2 Africa
25,32,Madagascar: Escape 2 Africa
25,35,Madagascar: Escape 2 Africa
25,22,Madagascar: Escape 2 Africa
25,44,Madagascar: Escape 2 Africa
4,122,Madagascar: Escape 2 Africa
4,32,Madagascar: Escape 2 Africa
4,35,Madagascar: Escape 2 Africa
4,22,Madagascar: Escape 2 Africa
4,44,Madagascar: Escape 2 Africa
122,32,Madagascar: Escape 2 Africa
122,35,Madagascar: Escape 2 Africa
122,22,Madagascar: Escape 2 Africa
122,44,Madagascar: Escape 2 Africa
32,35,Madagascar: Escape 2 Africa
32,22,Madagascar: Escape 2 Africa
32,44,Madagascar: Escape 2 Africa
35,22,Madagascar: Escape 2 Africa
35,44,Madagascar: Escape 2 Africa
22,44,Madagascar: Escape 2 Africa
25,51,The Heartbreak Kid
170,181,The Midnight Gospel
138,32,Angel Has Fallen
138,116,Angel Has Fallen
32,116,Angel Has Fallen
106,174,Community
60,142,The Runaways
60,166,The Runaways
142,166,The Runaways
154,110,Dragons: Rescue Riders: Hunt for the Golden Dragon
154,173,Dragons: Rescue Riders: Hunt for the Golden Dragon
154,10,Dragons: Rescue Riders: Hunt for the Golden Dragon
110,173,Dragons: Rescue Riders: Hunt for the Golden Dragon
110,10,Dragons: Rescue Riders: Hunt for the Golden Dragon
173,10,Dragons: Rescue Riders: Hunt for the Golden Dragon
130,176,Self Made: Inspired by the Life of Madam C.J. Walker
81,174,Search Party
81,86,Search Party
174,86,Search Party
183,82,Spenser Confidential
148,67,Ordinary World
148,124,Ordinary World
148,52,Ordinary World
67,124,Ordinary World
67,52,Ordinary World
124,52,Ordinary World
72,29,DreamWorks Shrek's Swamp Stories
34,96,Term Life
132,149,Captain Underpants Epic Choice-o-Rama
132,150,Captain Underpants Epic Choice-o-Rama
132,151,Captain Underpants Epic Choice-o-Rama
132,152,Captain Underpants Epic Choice-o-Rama
132,41,Captain Underpants Epic Choice-o-Rama
132,23,Captain Underpants Epic Choice-o-Rama
132,165,Captain Underpants Epic Choice-o-Rama
149,150,Captain Underpants Epic Choice-o-Rama
149,151,Captain Underpants Epic Choice-o-Rama
149,152,Captain Underpants Epic Choice-o-Rama
149,41,Captain Underpants Epic Choice-o-Rama
149,23,Captain Underpants Epic Choice-o-Rama
149,165,Captain Underpants Epic Choice-o-Rama
150,151,Captain Underpants Epic Choice-o-Rama
150,152,Captain Underpants Epic Choice-o-Rama
150,41,Captain Underpants Epic Choice-o-Rama
150,23,Captain Underpants Epic Choice-o-Rama
150,165,Captain Underpants Epic Choice-o-Rama
151,152,Captain Underpants Epic Choice-o-Rama
151,41,Captain Underpants Epic Choice-o-Rama
151,23,Captain Underpants Epic Choice-o-Rama
151,165,Captain Underpants Epic Choice-o-Rama
152,41,Captain Underpants Epic Choice-o-Rama
152,23,Captain Underpants Epic Choice-o-Rama
152,165,Captain Underpants Epic Choice-o-Rama
41,23,Captain Underpants Epic Choice-o-Rama
41,165,Captain Underpants Epic Choice-o-Rama
23,165,Captain Underpants Epic Choice-o-Rama
174,94,Horse Girl
174,24,Horse Girl
174,184,Horse Girl
94,24,Horse Girl
94,184,Horse Girl
24,184,Horse Girl
65,89,Justice
80,138,DreamWorks How to Train Your Dragon Legends
178,10,Harvey Street Kids
66,167,Medical Police
66,185,Medical Police
167,185,Medical Police
187,17,Scooby-Doo!: Mystery Incorporated
139,145,Spirit Riding Free: Spirit of Christmas
139,133,Spirit Riding Free: Spirit of Christmas
139,146,Spirit Riding Free: Spirit of Christmas
139,165,Spirit Riding Free: Spirit of Christmas
145,133,Spirit Riding Free: Spirit of Christmas
145,146,Spirit Riding Free: Spirit of Christmas
145,165,Spirit Riding Free: Spirit of Christmas
133,146,Spirit Riding Free: Spirit of Christmas
133,165,Spirit Riding Free: Spirit of Christmas
146,165,Spirit Riding Free: Spirit of Christmas
45,130,The Last O.G.
45,35,The Last O.G.
130,35,The Last O.G.
36,47,Cut Bank
109,127,The Irishman
169,23,Trolls: The Beat Goes On!
169,112,Trolls: The Beat Goes On!
169,131,Trolls: The Beat Goes On!
23,112,Trolls: The Beat Goes On!
23,131,Trolls: The Beat Goes On!
112,131,Trolls: The Beat Goes On!
105,99,Undercover Brother 2
108,153,BoJack Horseman
108,174,BoJack Horseman
153,174,BoJack Horseman
29,144,Dolemite Is My Name
29,34,Dolemite Is My Name
29,107,Dolemite Is My Name
144,34,Dolemite Is My Name
144,107,Dolemite Is My Name
34,107,Dolemite Is My Name
139,145,Spirit Riding Free: Pony Tales
139,133,Spirit Riding Free: Pony Tales
139,146,Spirit Riding Free: Pony Tales
139,165,Spirit Riding Free: Pony Tales
145,133,Spirit Riding Free: Pony Tales
145,146,Spirit Riding Free: Pony Tales
145,165,Spirit Riding Free: Pony Tales
133,146,Spirit Riding Free: Pony Tales
133,165,Spirit Riding Free: Pony Tales
146,165,Spirit Riding Free: Pony Tales
132,149,The Spooky Tale of Captain Underpants Hack-a-ween
132,150,The Spooky Tale of Captain Underpants Hack-a-ween
132,151,The Spooky Tale of Captain Underpants Hack-a-ween
132,152,The Spooky Tale of Captain Underpants Hack-a-ween
132,41,The Spooky Tale of Captain Underpants Hack-a-ween
132,23,The Spooky Tale of Captain Underpants Hack-a-ween
132,112,The Spooky Tale of Captain Underpants Hack-a-ween
132,131,The Spooky Tale of Captain Underpants Hack-a-ween
149,150,The Spooky Tale of Captain Underpants Hack-a-ween
149,151,The Spooky Tale of Captain Underpants Hack-a-ween
149,152,The Spooky Tale of Captain Underpants Hack-a-ween
149,41,The Spooky Tale of Captain Underpants Hack-a-ween
149,23,The Spooky Tale of Captain Underpants Hack-a-ween
149,112,The Spooky Tale of Captain Underpants Hack-a-ween
149,131,The Spooky Tale of Captain Underpants Hack-a-ween
150,151,The Spooky Tale of Captain Underpants Hack-a-ween
150,152,The Spooky Tale of Captain Underpants Hack-a-ween
150,41,The Spooky Tale of Captain Underpants Hack-a-ween
150,23,The Spooky Tale of Captain Underpants Hack-a-ween
150,112,The Spooky Tale of Captain Underpants Hack-a-ween
150,131,The Spooky Tale of Captain Underpants Hack-a-ween
151,152,The Spooky Tale of Captain Underpants Hack-a-ween
151,41,The Spooky Tale of Captain Underpants Hack-a-ween
151,23,The Spooky Tale of Captain Underpants Hack-a-ween
151,112,The Spooky Tale of Captain Underpants Hack-a-ween
151,131,The Spooky Tale of Captain Underpants Hack-a-ween
152,41,The Spooky Tale of Captain Underpants Hack-a-ween
152,23,The Spooky Tale of Captain Underpants Hack-a-ween
152,112,The Spooky Tale of Captain Underpants Hack-a-ween
152,131,The Spooky Tale of Captain Underpants Hack-a-ween
41,23,The Spooky Tale of Captain Underpants Hack-a-ween
41,112,The Spooky Tale of Captain Underpants Hack-a-ween
41,131,The Spooky Tale of Captain Underpants Hack-a-ween
23,112,The Spooky Tale of Captain Underpants Hack-a-ween
23,131,The Spooky Tale of Captain Underpants Hack-a-ween
112,131,The Spooky Tale of Captain Underpants Hack-a-ween
42,5,The Rugrats Movie
120,17,Under the Eiffel Tower
119,178,Between Two Ferns: The Movie
119,74,Between Two Ferns: The Movie
178,74,Between Two Ferns: The Movie
98,24,Sextuplets
10,42,DC Super Hero Girls
10,156,DC Super Hero Girls
10,131,DC Super Hero Girls
42,156,DC Super Hero Girls
42,131,DC Super Hero Girls
156,131,DC Super Hero Girls
174,82,GLOW
110,11,Rocko's Modern Life: Static Cling
132,149,The Epic Tales of Captain Underpants
132,150,The Epic Tales of Captain Underpants
132,151,The Epic Tales of Captain Underpants
132,152,The Epic Tales of Captain Underpants
132,41,The Epic Tales of Captain Underpants
149,150,The Epic Tales of Captain Underpants
149,151,The Epic Tales of Captain Underpants
149,152,The Epic Tales of Captain Underpants
149,41,The Epic Tales of Captain Underpants
150,151,The Epic Tales of Captain Underpants
150,152,The Epic Tales of Captain Underpants
150,41,The Epic Tales of Captain Underpants
151,152,The Epic Tales of Captain Underpants
151,41,The Epic Tales of Captain Underpants
152,41,The Epic Tales of Captain Underpants
16,70,"Frankenstein’s Monster’s Monster, Frankenstein"
21,11,3Below: Tales of Arcadia
21,58,3Below: Tales of Arcadia
11,58,3Below: Tales of Arcadia
16,94,Stranger Things
16,151,Stranger Things
94,151,Stranger Things
102,37,Beats
170,73,Historical Roasts
170,91,Historical Roasts
170,77,Historical Roasts
170,167,Historical Roasts
73,91,Historical Roasts
73,77,Historical Roasts
73,167,Historical Roasts
91,77,Historical Roasts
91,167,Historical Roasts
77,167,Historical Roasts
130,126,Still LAUGH-IN: The Stars Celebrate
130,77,Still LAUGH-IN: The Stars Celebrate
130,181,Still LAUGH-IN: The Stars Celebrate
130,137,Still LAUGH-IN: The Stars Celebrate
130,169,Still LAUGH-IN: The Stars Celebrate
130,170,Still LAUGH-IN: The Stars Celebrate
126,77,Still LAUGH-IN: The Stars Celebrate
126,181,Still LAUGH-IN: The Stars Celebrate
126,137,Still LAUGH-IN: The Stars Celebrate
126,169,Still LAUGH-IN: The Stars Celebrate
126,170,Still LAUGH-IN: The Stars Celebrate
77,181,Still LAUGH-IN: The Stars Celebrate
77,137,Still LAUGH-IN: The Stars Celebrate
77,169,Still LAUGH-IN: The Stars Celebrate
77,170,Still LAUGH-IN: The Stars Celebrate
181,137,Still LAUGH-IN: The Stars Celebrate
181,169,Still LAUGH-IN: The Stars Celebrate
181,170,Still LAUGH-IN: The Stars Celebrate
137,169,Still LAUGH-IN: The Stars Celebrate
137,170,Still LAUGH-IN: The Stars Celebrate
169,170,Still LAUGH-IN: The Stars Celebrate
67,70,Easy
67,82,Easy
67,168,Easy
67,162,Easy
70,82,Easy
70,168,Easy
70,162,Easy
82,168,Easy
82,162,Easy
168,162,Easy
134,8,Wine Country
134,185,Wine Country
8,185,Wine Country
130,58,Tuca & Bertie
130,14,Tuca & Bertie
58,14,Tuca & Bertie
39,129,Someone Great
123,120,The Perfect Date
139,133,Spirit: Riding Free
139,145,Spirit: Riding Free
139,146,Spirit: Riding Free
139,165,Spirit: Riding Free
139,131,Spirit: Riding Free
133,145,Spirit: Riding Free
133,146,Spirit: Riding Free
133,165,Spirit: Riding Free
133,131,Spirit: Riding Free
145,146,Spirit: Riding Free
145,165,Spirit: Riding Free
145,131,Spirit: Riding Free
146,165,Spirit: Riding Free
146,131,Spirit: Riding Free
165,131,Spirit: Riding Free
114,34,The Trap
114,1,The Trap
34,1,The Trap
15,55,The Highwaymen
141,158,American Crime Story: The People v. O.J. Simpson
141,101,American Crime Story: The People v. O.J. Simpson
141,122,American Crime Story: The People v. O.J. Simpson
141,124,American Crime Story: The People v. O.J. Simpson
158,101,American Crime Story: The People v. O.J. Simpson
158,122,American Crime Story: The People v. O.J. Simpson
158,124,American Crime Story: The People v. O.J. Simpson
101,122,American Crime Story: The People v. O.J. Simpson
101,124,American Crime Story: The People v. O.J. Simpson
122,124,American Crime Story: The People v. O.J. Simpson
93,130,Kevin Hart's Guide to Black History
155,187,Lego DC Comics: Batman Be-Leaguered
155,11,Lego DC Comics: Batman Be-Leaguered
155,165,Lego DC Comics: Batman Be-Leaguered
187,11,Lego DC Comics: Batman Be-Leaguered
187,165,Lego DC Comics: Batman Be-Leaguered
11,165,Lego DC Comics: Batman Be-Leaguered
144,132,Friends from College
182,14,COMEDIANS of the world
182,171,COMEDIANS of the world
14,171,COMEDIANS of the world
36,158,Bird Box
36,95,Bird Box
158,95,Bird Box
80,164,Dragons: Dawn of the Dragon Racers
80,81,Dragons: Dawn of the Dragon Racers
164,81,Dragons: Dawn of the Dragon Racers
25,122,DreamWorks Holiday Classics
25,4,DreamWorks Holiday Classics
25,32,DreamWorks Holiday Classics
25,80,DreamWorks Holiday Classics
25,138,DreamWorks Holiday Classics
25,29,DreamWorks Holiday Classics
25,72,DreamWorks Holiday Classics
122,4,DreamWorks Holiday Classics
122,32,DreamWorks Holiday Classics
122,80,DreamWorks Holiday Classics
122,138,DreamWorks Holiday Classics
122,29,DreamWorks Holiday Classics
122,72,DreamWorks Holiday Classics
4,32,DreamWorks Holiday Classics
4,80,DreamWorks Holiday Classics
4,138,DreamWorks Holiday Classics
4,29,DreamWorks Holiday Classics
4,72,DreamWorks Holiday Classics
32,80,DreamWorks Holiday Classics
32,138,DreamWorks Holiday Classics
32,29,DreamWorks Holiday Classics
32,72,DreamWorks Holiday Classics
80,138,DreamWorks Holiday Classics
80,29,DreamWorks Holiday Classics
80,72,DreamWorks Holiday Classics
138,29,DreamWorks Holiday Classics
138,72,DreamWorks Holiday Classics
29,72,DreamWorks Holiday Classics
116,47,Kill the Messenger
30,116,The Ballad of Buster Scruggs
72,31,DreamWorks Spooky Stories
146,154,Sofia the First
189,190,Monty Python: Live at Aspen
189,188,Monty Python: Live at Aspen
189,191,Monty Python: Live at Aspen
189,192,Monty Python: Live at Aspen
189,193,Monty Python: Live at Aspen
190,188,Monty Python: Live at Aspen
190,191,Monty Python: Live at Aspen
190,192,Monty Python: Live at Aspen
190,193,Monty Python: Live at Aspen
188,191,Monty Python: Live at Aspen
188,192,Monty Python: Live at Aspen
188,193,Monty Python: Live at Aspen
191,192,Monty Python: Live at Aspen
191,193,Monty Python: Live at Aspen
192,193,Monty Python: Live at Aspen
123,1,Sierra Burgess Is A Loser
58,90,Stretch Armstrong & the Flex Fighters
46,107,Party Monster: Scratching the Surface
46,163,Party Monster: Scratching the Surface
107,163,Party Monster: Scratching the Surface
123,162,To All the Boys I’ve Loved Before
54,104,Extinction
5,132,Father of the Year
169,165,Home: Adventures with Tip & Oh
51,87,The Legacy of a Whitetail Deer Hunter
70,184,Duck Butter
104,39,Marvel's Luke Cage
104,97,Marvel's Luke Cage
39,97,Marvel's Luke Cage
184,175,Outside In
46,107,Unbreakable Kimmy Schmidt
2,4,The Week Of
2,103,The Week Of
4,103,The Week Of
31,130,Seth Rogen's Hilarity for Charity
31,147,Seth Rogen's Hilarity for Charity
130,147,Seth Rogen's Hilarity for Charity
175,70,Happy Anniversary
91,137,The Standups
58,90,Stretch Armstrong: The Breakout
58,10,Stretch Armstrong: The Breakout
90,10,Stretch Armstrong: The Breakout
80,81,Dragons: Race to the Edge
80,164,Dragons: Race to the Edge
81,164,Dragons: Race to the Edge
125,95,Irreplaceable You
125,38,The Cloverfield Paradox
69,73,A Futile and Stupid Gesture
69,120,A Futile and Stupid Gesture
73,120,A Futile and Stupid Gesture
55,156,Disjointed
185,95,The Polka King
24,135,Fun Mom Dinner
79,92,Bright
142,67,Pottersville
142,118,Pottersville
67,118,Pottersville
87,83,Halt and Catch Fire
164,169,Trolls Holiday Special
67,12,A StoryBots Christmas
22,112,All Hail King Julien
22,173,All Hail King Julien
112,173,All Hail King Julien
175,169,DreamWorks Home: For the Holidays
181,177,Lady Dynamite
181,68,Lady Dynamite
181,5,Lady Dynamite
181,148,Lady Dynamite
181,86,Lady Dynamite
181,67,Lady Dynamite
177,68,Lady Dynamite
177,5,Lady Dynamite
177,148,Lady Dynamite
177,86,Lady Dynamite
177,67,Lady Dynamite
68,5,Lady Dynamite
68,148,Lady Dynamite
68,86,Lady Dynamite
68,67,Lady Dynamite
5,148,Lady Dynamite
5,86,Lady Dynamite
5,67,Lady Dynamite
148,86,Lady Dynamite
148,67,Lady Dynamite
86,67,Lady Dynamite
179,9,Jerry Seinfeld: Comedian
179,4,Jerry Seinfeld: Comedian
9,4,Jerry Seinfeld: Comedian
16,94,Beyond Stranger Things
16,151,Beyond Stranger Things
94,151,Beyond Stranger Things
59,96,Wheelman
162,84,The Babysitter
162,167,The Babysitter
84,167,The Babysitter
2,25,The Meyerowitz Stories (New and Selected)
33,35,Def Comedy Jam 25
33,19,Def Comedy Jam 25
33,130,Def Comedy Jam 25
33,34,Def Comedy Jam 25
33,45,Def Comedy Jam 25
33,137,Def Comedy Jam 25
35,19,Def Comedy Jam 25
35,130,Def Comedy Jam 25
35,34,Def Comedy Jam 25
35,45,Def Comedy Jam 25
35,137,Def Comedy Jam 25
19,130,Def Comedy Jam 25
19,34,Def Comedy Jam 25
19,45,Def Comedy Jam 25
19,137,Def Comedy Jam 25
130,34,Def Comedy Jam 25
130,45,Def Comedy Jam 25
130,137,Def Comedy Jam 25
34,45,Def Comedy Jam 25
34,137,Def Comedy Jam 25
45,137,Def Comedy Jam 25
71,121,#realityhigh
135,182,Little Evil
104,39,Marvel's The Defenders
98,1,Naked
40,66,Wet Hot American Summer: Ten Years Later
40,117,Wet Hot American Summer: Ten Years Later
40,27,Wet Hot American Summer: Ten Years Later
40,167,Wet Hot American Summer: Ten Years Later
40,134,Wet Hot American Summer: Ten Years Later
40,128,Wet Hot American Summer: Ten Years Later
40,185,Wet Hot American Summer: Ten Years Later
40,135,Wet Hot American Summer: Ten Years Later
40,24,Wet Hot American Summer: Ten Years Later
66,117,Wet Hot American Summer: Ten Years Later
66,27,Wet Hot American Summer: Ten Years Later
66,167,Wet Hot American Summer: Ten Years Later
66,134,Wet Hot American Summer: Ten Years Later
66,128,Wet Hot American Summer: Ten Years Later
66,185,Wet Hot American Summer: Ten Years Later
66,135,Wet Hot American Summer: Ten Years Later
66,24,Wet Hot American Summer: Ten Years Later
117,27,Wet Hot American Summer: Ten Years Later
117,167,Wet Hot American Summer: Ten Years Later
117,134,Wet Hot American Summer: Ten Years Later
117,128,Wet Hot American Summer: Ten Years Later
117,185,Wet Hot American Summer: Ten Years Later
117,135,Wet Hot American Summer: Ten Years Later
117,24,Wet Hot American Summer: Ten Years Later
27,167,Wet Hot American Summer: Ten Years Later
27,134,Wet Hot American Summer: Ten Years Later
27,128,Wet Hot American Summer: Ten Years Later
27,185,Wet Hot American Summer: Ten Years Later
27,135,Wet Hot American Summer: Ten Years Later
27,24,Wet Hot American Summer: Ten Years Later
167,134,Wet Hot American Summer: Ten Years Later
167,128,Wet Hot American Summer: Ten Years Later
167,185,Wet Hot American Summer: Ten Years Later
167,135,Wet Hot American Summer: Ten Years Later
167,24,Wet Hot American Summer: Ten Years Later
134,128,Wet Hot American Summer: Ten Years Later
134,185,Wet Hot American Summer: Ten Years Later
134,135,Wet Hot American Summer: Ten Years Later
134,24,Wet Hot American Summer: Ten Years Later
128,185,Wet Hot American Summer: Ten Years Later
128,135,Wet Hot American Summer: Ten Years Later
128,24,Wet Hot American Summer: Ten Years Later
185,135,Wet Hot American Summer: Ten Years Later
185,24,Wet Hot American Summer: Ten Years Later
135,24,Wet Hot American Summer: Ten Years Later
136,84,To the Bone
187,111,Dawn of the Croods
187,155,Dawn of the Croods
111,155,Dawn of the Croods
30,160,I Am Michael
181,173,Puss in Book: Trapped in an Epic Tale
181,10,Puss in Book: Trapped in an Epic Tale
173,10,Puss in Book: Trapped in an Epic Tale
53,92,Bloodline
53,88,Bloodline
53,143,Bloodline
92,88,Bloodline
92,143,Bloodline
88,143,Bloodline
2,3,Sandy Wexler
2,157,Sandy Wexler
2,6,Sandy Wexler
2,9,Sandy Wexler
2,171,Sandy Wexler
3,157,Sandy Wexler
3,6,Sandy Wexler
3,9,Sandy Wexler
3,171,Sandy Wexler
157,6,Sandy Wexler
157,9,Sandy Wexler
157,171,Sandy Wexler
6,9,Sandy Wexler
6,171,Sandy Wexler
9,171,Sandy Wexler
168,144,Win It All
166,127,The Discovery
22,83,Girlfriend's Day
68,69,"Michael Bolton's Big, Sexy Valentine's Day Special"
68,8,"Michael Bolton's Big, Sexy Valentine's Day Special"
68,135,"Michael Bolton's Big, Sexy Valentine's Day Special"
68,27,"Michael Bolton's Big, Sexy Valentine's Day Special"
68,22,"Michael Bolton's Big, Sexy Valentine's Day Special"
68,148,"Michael Bolton's Big, Sexy Valentine's Day Special"
68,70,"Michael Bolton's Big, Sexy Valentine's Day Special"
68,14,"Michael Bolton's Big, Sexy Valentine's Day Special"
68,111,"Michael Bolton's Big, Sexy Valentine's Day Special"
69,8,"Michael Bolton's Big, Sexy Valentine's Day Special"
69,135,"Michael Bolton's Big, Sexy Valentine's Day Special"
69,27,"Michael Bolton's Big, Sexy Valentine's Day Special"
69,22,"Michael Bolton's Big, Sexy Valentine's Day Special"
69,148,"Michael Bolton's Big, Sexy Valentine's Day Special"
69,70,"Michael Bolton's Big, Sexy Valentine's Day Special"
69,14,"Michael Bolton's Big, Sexy Valentine's Day Special"
69,111,"Michael Bolton's Big, Sexy Valentine's Day Special"
8,135,"Michael Bolton's Big, Sexy Valentine's Day Special"
8,27,"Michael Bolton's Big, Sexy Valentine's Day Special"
8,22,"Michael Bolton's Big, Sexy Valentine's Day Special"
8,148,"Michael Bolton's Big, Sexy Valentine's Day Special"
8,70,"Michael Bolton's Big, Sexy Valentine's Day Special"
8,14,"Michael Bolton's Big, Sexy Valentine's Day Special"
8,111,"Michael Bolton's Big, Sexy Valentine's Day Special"
135,27,"Michael Bolton's Big, Sexy Valentine's Day Special"
135,22,"Michael Bolton's Big, Sexy Valentine's Day Special"
135,148,"Michael Bolton's Big, Sexy Valentine's Day Special"
135,70,"Michael Bolton's Big, Sexy Valentine's Day Special"
135,14,"Michael Bolton's Big, Sexy Valentine's Day Special"
135,111,"Michael Bolton's Big, Sexy Valentine's Day Special"
27,22,"Michael Bolton's Big, Sexy Valentine's Day Special"
27,148,"Michael Bolton's Big, Sexy Valentine's Day Special"
27,70,"Michael Bolton's Big, Sexy Valentine's Day Special"
27,14,"Michael Bolton's Big, Sexy Valentine's Day Special"
27,111,"Michael Bolton's Big, Sexy Valentine's Day Special"
22,148,"Michael Bolton's Big, Sexy Valentine's Day Special"
22,70,"Michael Bolton's Big, Sexy Valentine's Day Special"
22,14,"Michael Bolton's Big, Sexy Valentine's Day Special"
22,111,"Michael Bolton's Big, Sexy Valentine's Day Special"
148,70,"Michael Bolton's Big, Sexy Valentine's Day Special"
148,14,"Michael Bolton's Big, Sexy Valentine's Day Special"
148,111,"Michael Bolton's Big, Sexy Valentine's Day Special"
70,14,"Michael Bolton's Big, Sexy Valentine's Day Special"
70,111,"Michael Bolton's Big, Sexy Valentine's Day Special"
14,111,"Michael Bolton's Big, Sexy Valentine's Day Special"
52,68,Take the 10
52,110,Take the 10
52,148,Take the 10
68,110,Take the 10
68,148,Take the 10
110,148,Take the 10
12,155,LEGO: Marvel Super Heroes: Maximum Overload
12,154,Marvel's Hulk: Where Monsters Dwell
179,4,Bee Movie
179,55,Bee Movie
4,55,Bee Movie
127,24,Other People
121,85,Mascots
67,12,StoryBots Super Songs
12,168,LEGO Jurassic World: The Indominus Escape
12,178,LEGO Jurassic World: The Indominus Escape
168,178,LEGO Jurassic World: The Indominus Escape
90,78,Kulipari: An Army of Frogs
90,112,Kulipari: An Army of Frogs
78,112,Kulipari: An Army of Frogs
37,160,Tallulah
128,115,The Fundamentals of Caring
128,109,The Fundamentals of Caring
115,109,The Fundamentals of Caring
2,5,The Do-Over
2,171,The Do-Over
2,170,The Do-Over
2,151,The Do-Over
5,171,The Do-Over
5,170,The Do-Over
5,151,The Do-Over
171,170,The Do-Over
171,151,The Do-Over
170,151,The Do-Over
178,70,Netflix Presents: The Characters
12,187,Marvel Super Hero Adventures: Frost Fight!
12,112,Marvel Super Hero Adventures: Frost Fight!
187,112,Marvel Super Hero Adventures: Frost Fight!
2,157,The Ridiculous 6
2,57,The Ridiculous 6
2,6,The Ridiculous 6
2,69,The Ridiculous 6
2,77,The Ridiculous 6
2,5,The Ridiculous 6
2,171,The Ridiculous 6
2,103,The Ridiculous 6
157,57,The Ridiculous 6
157,6,The Ridiculous 6
157,69,The Ridiculous 6
157,77,The Ridiculous 6
157,5,The Ridiculous 6
157,171,The Ridiculous 6
157,103,The Ridiculous 6
57,6,The Ridiculous 6
57,69,The Ridiculous 6
57,77,The Ridiculous 6
57,5,The Ridiculous 6
57,171,The Ridiculous 6
57,103,The Ridiculous 6
6,69,The Ridiculous 6
6,77,The Ridiculous 6
6,5,The Ridiculous 6
6,171,The Ridiculous 6
6,103,The Ridiculous 6
69,77,The Ridiculous 6
69,5,The Ridiculous 6
69,171,The Ridiculous 6
69,103,The Ridiculous 6
77,5,The Ridiculous 6
77,171,The Ridiculous 6
77,103,The Ridiculous 6
5,171,The Ridiculous 6
5,103,The Ridiculous 6
171,103,The Ridiculous 6
4,134,A Very Murray Christmas
4,8,A Very Murray Christmas
4,185,A Very Murray Christmas
134,8,A Very Murray Christmas
134,185,A Very Murray Christmas
8,185,A Very Murray Christmas
40,66,Wet Hot American Summer
40,117,Wet Hot American Summer
40,27,Wet Hot American Summer
40,163,Wet Hot American Summer
40,167,Wet Hot American Summer
40,134,Wet Hot American Summer
40,128,Wet Hot American Summer
40,185,Wet Hot American Summer
40,24,Wet Hot American Summer
66,117,Wet Hot American Summer
66,27,Wet Hot American Summer
66,163,Wet Hot American Summer
66,167,Wet Hot American Summer
66,134,Wet Hot American Summer
66,128,Wet Hot American Summer
66,185,Wet Hot American Summer
66,24,Wet Hot American Summer
117,27,Wet Hot American Summer
117,163,Wet Hot American Summer
117,167,Wet Hot American Summer
117,134,Wet Hot American Summer
117,128,Wet Hot American Summer
117,185,Wet Hot American Summer
117,24,Wet Hot American Summer
27,163,Wet Hot American Summer
27,167,Wet Hot American Summer
27,134,Wet Hot American Summer
27,128,Wet Hot American Summer
27,185,Wet Hot American Summer
27,24,Wet Hot American Summer
163,167,Wet Hot American Summer
163,134,Wet Hot American Summer
163,128,Wet Hot American Summer
163,185,Wet Hot American Summer
163,24,Wet Hot American Summer
167,134,Wet Hot American Summer
167,128,Wet Hot American Summer
167,185,Wet Hot American Summer
167,24,Wet Hot American Summer
134,128,Wet Hot American Summer
134,185,Wet Hot American Summer
134,24,Wet Hot American Summer
128,185,Wet Hot American Summer
128,24,Wet Hot American Summer
185,24,Wet Hot American Summer
106,115,Advantageous
108,174,BoJack Horseman Christmas Special: Sabrina's Christmas Wish
50,12,9
51,171,30 Minutes or Less
51,54,30 Minutes or Less
171,54,30 Minutes or Less
2,6,50 First Dates
2,151,50 First Dates
2,8,50 First Dates
6,151,50 First Dates
6,8,50 First Dates
151,8,50 First Dates
185,113,A Glimpse Inside the Mind of Charles Swan III
98,35,A Haunted House
98,171,A Haunted House
98,23,A Haunted House
98,99,A Haunted House
35,171,A Haunted House
35,23,A Haunted House
35,99,A Haunted House
171,23,A Haunted House
171,99,A Haunted House
23,99,A Haunted House
74,24,A Night at the Roxbury
19,13,A Thin Line Between Love & Hate
19,45,A Thin Line Between Love & Hate
13,45,A Thin Line Between Love & Hate
125,119,A Wrinkle in Time
125,54,A Wrinkle in Time
119,54,A Wrinkle in Time
189,77,An American Tail: Fievel Goes West
78,173,An American Tail: The Mystery of the Night Monster
78,118,An American Tail: The Treasures of Manhattan Island
116,60,Anesthesia
116,21,Anesthesia
60,21,Anesthesia
2,15,Anger Management
128,54,Ant-Man and the Wasp
128,114,Ant-Man and the Wasp
128,67,Ant-Man and the Wasp
128,109,Ant-Man and the Wasp
54,114,Ant-Man and the Wasp
54,67,Ant-Man and the Wasp
54,109,Ant-Man and the Wasp
114,67,Ant-Man and the Wasp
114,109,Ant-Man and the Wasp
67,109,Ant-Man and the Wasp
49,128,Avengers: Infinity War
79,19,Bad Boys
79,19,Bad Boys II
79,142,Bad Boys II
19,142,Bad Boys II
68,57,Cuckoo
141,38,They've Gotta Have Us
5,91,Fate: The Winx Saga - The Afterparty
143,16,W.E.
127,143,Black Mirror
127,125,Black Mirror
127,163,Black Mirror
143,125,Black Mirror
143,163,Black Mirror
125,163,Black Mirror
193,189,Monty Python and the Holy Grail
193,188,Monty Python and the Holy Grail
193,190,Monty Python and the Holy Grail
193,191,Monty Python and the Holy Grail
193,192,Monty Python and the Holy Grail
189,188,Monty Python and the Holy Grail
189,190,Monty Python and the Holy Grail
189,191,Monty Python and the Holy Grail
189,192,Monty Python and the Holy Grail
188,190,Monty Python and the Holy Grail
188,191,Monty Python and the Holy Grail
188,192,Monty Python and the Holy Grail
190,191,Monty Python and the Holy Grail
190,192,Monty Python and the Holy Grail
191,192,Monty Python and the Holy Grail
193,189,Monty Python Best Bits (mostly)
193,190,Monty Python Best Bits (mostly)
193,188,Monty Python Best Bits (mostly)
193,191,Monty Python Best Bits (mostly)
193,192,Monty Python Best Bits (mostly)
189,190,Monty Python Best Bits (mostly)
189,188,Monty Python Best Bits (mostly)
189,191,Monty Python Best Bits (mostly)
189,192,Monty Python Best Bits (mostly)
190,188,Monty Python Best Bits (mostly)
190,191,Monty Python Best Bits (mostly)
190,192,Monty Python Best Bits (mostly)
188,191,Monty Python Best Bits (mostly)
188,192,Monty Python Best Bits (mostly)
191,192,Monty Python Best Bits (mostly)
189,190,"Monty Python Live (Mostly): One Down, Five to Go"
189,188,"Monty Python Live (Mostly): One Down, Five to Go"
189,191,"Monty Python Live (Mostly): One Down, Five to Go"
189,192,"Monty Python Live (Mostly): One Down, Five to Go"
190,188,"Monty Python Live (Mostly): One Down, Five to Go"
190,191,"Monty Python Live (Mostly): One Down, Five to Go"
190,192,"Monty Python Live (Mostly): One Down, Five to Go"
188,191,"Monty Python Live (Mostly): One Down, Five to Go"
188,192,"Monty Python Live (Mostly): One Down, Five to Go"
191,192,"Monty Python Live (Mostly): One Down, Five to Go"
193,188,Monty Python: Before the Flying Circus
193,191,Monty Python: Before the Flying Circus
193,192,Monty Python: Before the Flying Circus
193,190,Monty Python: Before the Flying Circus
193,189,Monty Python: Before the Flying Circus
188,191,Monty Python: Before the Flying Circus
188,192,Monty Python: Before the Flying Circus
188,190,Monty Python: Before the Flying Circus
188,189,Monty Python: Before the Flying Circus
191,192,Monty Python: Before the Flying Circus
191,190,Monty Python: Before the Flying Circus
191,189,Monty Python: Before the Flying Circus
192,190,Monty Python: Before the Flying Circus
192,189,Monty Python: Before the Flying Circus
190,189,Monty Python: Before the Flying Circus
193,189,Monty Python: Live at The Hollywood Bowl
193,190,Monty Python: Live at The Hollywood Bowl
193,188,Monty Python: Live at The Hollywood Bowl
193,191,Monty Python: Live at The Hollywood Bowl
193,192,Monty Python: Live at The Hollywood Bowl
189,190,Monty Python: Live at The Hollywood Bowl
189,188,Monty Python: Live at The Hollywood Bowl
189,191,Monty Python: Live at The Hollywood Bowl
189,192,Monty Python: Live at The Hollywood Bowl
190,188,Monty Python: Live at The Hollywood Bowl
190,191,Monty Python: Live at The Hollywood Bowl
190,192,Monty Python: Live at The Hollywood Bowl
188,191,Monty Python: Live at The Hollywood Bowl
188,192,Monty Python: Live at The Hollywood Bowl
191,192,Monty Python: Live at The Hollywood Bowl
189,190,Monty Python: The Meaning of Live
189,188,Monty Python: The Meaning of Live
189,191,Monty Python: The Meaning of Live
189,192,Monty Python: The Meaning of Live
189,72,Monty Python: The Meaning of Live
189,193,Monty Python: The Meaning of Live
190,188,Monty Python: The Meaning of Live
190,191,Monty Python: The Meaning of Live
190,192,Monty Python: The Meaning of Live
190,72,Monty Python: The Meaning of Live
190,193,Monty Python: The Meaning of Live
188,191,Monty Python: The Meaning of Live
188,192,Monty Python: The Meaning of Live
188,72,Monty Python: The Meaning of Live
188,193,Monty Python: The Meaning of Live
191,192,Monty Python: The Meaning of Live
191,72,Monty Python: The Meaning of Live
191,193,Monty Python: The Meaning of Live
192,72,Monty Python: The Meaning of Live
192,193,Monty Python: The Meaning of Live
72,193,Monty Python: The Meaning of Live
193,188,Monty Python's Almost the Truth
193,189,Monty Python's Almost the Truth
193,192,Monty Python's Almost the Truth
193,190,Monty Python's Almost the Truth
193,191,Monty Python's Almost the Truth
188,189,Monty Python's Almost the Truth
188,192,Monty Python's Almost the Truth
188,190,Monty Python's Almost the Truth
188,191,Monty Python's Almost the Truth
189,192,Monty Python's Almost the Truth
189,190,Monty Python's Almost the Truth
189,191,Monty Python's Almost the Truth
192,190,Monty Python's Almost the Truth
192,191,Monty Python's Almost the Truth
190,191,Monty Python's Almost the Truth
189,193,Monty Python's Flying Circus
189,191,Monty Python's Flying Circus
189,188,Monty Python's Flying Circus
189,192,Monty Python's Flying Circus
189,190,Monty Python's Flying Circus
193,191,Monty Python's Flying Circus
193,188,Monty Python's Flying Circus
193,192,Monty Python's Flying Circus
193,190,Monty Python's Flying Circus
191,188,Monty Python's Flying Circus
191,192,Monty Python's Flying Circus
191,190,Monty Python's Flying Circus
188,192,Monty Python's Flying Circus
188,190,Monty Python's Flying Circus
192,190,Monty Python's Flying Circus
193,189,Monty Python's Life of Brian
193,190,Monty Python's Life of Brian
193,188,Monty Python's Life of Brian
193,191,Monty Python's Life of Brian
193,192,Monty Python's Life of Brian
189,190,Monty Python's Life of Brian
189,188,Monty Python's Life of Brian
189,191,Monty Python's Life of Brian
189,192,Monty Python's Life of Brian
190,188,Monty Python's Life of Brian
190,191,Monty Python's Life of Brian
190,192,Monty Python's Life of Brian
188,191,Monty Python's Life of Brian
188,192,Monty Python's Life of Brian
191,192,Monty Python's Life of Brian
189,193,Parrot Sketch Not Included: Twenty Years of Monty Python
189,190,Parrot Sketch Not Included: Twenty Years of Monty Python
189,188,Parrot Sketch Not Included: Twenty Years of Monty Python
189,191,Parrot Sketch Not Included: Twenty Years of Monty Python
189,192,Parrot Sketch Not Included: Twenty Years of Monty Python
193,190,Parrot Sketch Not Included: Twenty Years of Monty Python
193,188,Parrot Sketch Not Included: Twenty Years of Monty Python
193,191,Parrot Sketch Not Included: Twenty Years of Monty Python
193,192,Parrot Sketch Not Included: Twenty Years of Monty Python
190,188,Parrot Sketch Not Included: Twenty Years of Monty Python
190,191,Parrot Sketch Not Included: Twenty Years of Monty Python
190,192,Parrot Sketch Not Included: Twenty Years of Monty Python
188,191,Parrot Sketch Not Included: Twenty Years of Monty Python
188,192,Parrot Sketch Not Included: Twenty Years of Monty Python
191,192,Parrot Sketch Not Included: Twenty Years of Monty Python
196,197,Below Zero
198,194,Adú
196,199,The Occupant
194,200,Criminal: Spain
196,198,Getaway Plan
198,196,1898: Our Last Men in the Philippines
198,194,1898: Our Last Men in the Philippines
198,197,1898: Our Last Men in the Philippines
196,194,1898: Our Last Men in the Philippines
196,197,1898: Our Last Men in the Philippines
194,197,1898: Our Last Men in the Philippines
199,198,Toro
197,200,Spanish Affair 2
199,200,My Big Night
